{"loss":0.2902231514453888,"_wandb":{"runtime":26},"_runtime":26.610076066,"lr":0.0001,"_timestamp":1.7668753439045434e+09,"_step":9}